Transaction_id,Datetime,Amount,Account_id,Transaction_type,Category,Transaction_platform
1,2024-06-21 03:50:14,493.14,5759,DebitCard,Entertainment,BankApp
2,2024-03-04 20:48:58,93.62,7839,UPI,Utilities,BankApp
3,2024-03-08 01:25:33,810.72,4922,DebitCard,Food,PayPal
4,2024-06-20 02:16:44,75.34,2128,UPI,Food,PayPal
5,2024-06-14 08:21:02,878.19,5971,CrebitCard,Food,GPay
6,2024-01-09 12:24:41,510.95,5080,CrebitCard,Healthcare,GPay
7,2024-02-24 07:36:54,964.32,8981,DebitCard,Utilities,PhonePe
8,2024-05-22 17:02:10,497.52,3994,UPI,Utilities,BankApp
9,2024-01-13 20:21:45,277.35,2679,DebitCard,Utilities,PayPal
10,2024-06-06 17:49:06,609.61,5255,CrebitCard,Food,PayPal
11,2024-06-27 21:31:51,79.36,5142,CrebitCard,Food,Paytm
12,2024-06-24 11:14:56,225.81,7528,NetBanking,Entertainment,BankApp
13,2024-02-28 20:49:53,615.64,7265,UPI,Travel,PayPal
14,2024-03-06 03:54:40,839.59,2958,CrebitCard,Food,PayPal
15,2024-03-26 18:35:00,967.64,2769,NetBanking,Travel,BankApp
16,2024-05-01 13:06:47,4.43,9243,DebitCard,Utilities,PhonePe
17,2024-01-23 04:44:32,981.17,2794,CrebitCard,Entertainment,Paytm
18,2024-05-12 23:47:14,544.9,6089,DebitCard,Utilities,GPay
19,2024-04-02 04:18:43,61.9,6065,UPI,Travel,PayPal
20,2024-02-15 20:37:51,349.67,9174,DebitCard,Food,GPay
21,2024-04-01 08:29:44,128.56,1669,CrebitCard,Utilities,PayPal
22,2024-05-26 21:45:20,436.99,9248,NetBanking,Shopping,PhonePe
23,2024-03-03 12:48:43,854.36,9822,UPI,Healthcare,PhonePe
24,2024-04-07 15:03:48,559.31,5543,NetBanking,Shopping,PhonePe
25,2024-02-16 09:14:08,825.78,3178,CrebitCard,Travel,PayPal
26,2024-05-21 21:10:54,434.18,8531,UPI,Travel,PhonePe
27,2024-02-23 12:56:09,372.4,9500,NetBanking,Travel,BHIMApp
28,2024-02-04 20:56:00,43.42,8057,DebitCard,Healthcare,GPay
29,2024-02-09 11:45:21,514.56,6376,UPI,Shopping,BankApp
30,2024-06-23 13:32:44,604.58,4338,DebitCard,Shopping,PhonePe
31,2024-02-28 10:02:51,927.24,2948,CrebitCard,Entertainment,PhonePe
32,2024-06-25 16:41:40,742.41,4784,DebitCard,Utilities,Paytm
33,2024-01-24 08:20:54,417.08,1129,UPI,Utilities,PayPal
34,2024-04-05 08:35:59,509.03,5059,DebitCard,Shopping,BankApp
35,2024-02-07 13:40:20,944.79,1268,NetBanking,Utilities,BankApp
36,2024-01-26 13:39:29,656.2,3139,DebitCard,Entertainment,BHIMApp
37,2024-02-14 00:07:57,21.42,1533,NetBanking,Shopping,BHIMApp
38,2024-03-19 08:21:36,762.44,6585,DebitCard,Utilities,GPay
39,2024-06-16 17:49:58,159.57,4124,NetBanking,Healthcare,PhonePe
40,2024-01-13 11:56:53,669.79,5703,CrebitCard,Shopping,Paytm
41,2024-03-12 21:31:16,51.31,6575,NetBanking,Travel,BHIMApp
42,2024-04-25 07:50:39,979.91,9836,NetBanking,Food,Paytm
43,2024-03-18 19:33:42,292.56,8672,DebitCard,Utilities,PayPal
44,2024-04-11 13:55:14,47.35,7884,CrebitCard,Utilities,GPay
45,2024-06-21 06:42:49,214.14,7852,CrebitCard,Healthcare,GPay
46,2024-02-23 20:42:52,3.81,6764,UPI,Travel,BHIMApp
47,2024-06-15 22:38:40,887.07,3417,DebitCard,Shopping,PhonePe
48,2024-06-09 15:36:05,122.38,4872,DebitCard,Shopping,PhonePe
49,2024-01-01 07:02:31,485.44,8057,CrebitCard,Utilities,PayPal
50,2024-01-19 11:26:23,580.06,1909,CrebitCard,Utilities,PayPal
51,2024-04-14 03:10:08,577.23,2014,NetBanking,Shopping,BHIMApp
52,2024-02-09 04:50:53,591.72,9838,UPI,Healthcare,GPay
53,2024-01-01 13:04:21,268.99,3742,NetBanking,Utilities,PayPal
54,2024-05-23 05:47:56,358.0,1175,DebitCard,Utilities,PhonePe
55,2024-05-19 11:42:25,305.52,3993,NetBanking,Utilities,BankApp
56,2024-05-24 10:53:38,192.17,6224,UPI,Shopping,PayPal
57,2024-01-06 03:45:03,732.85,2109,NetBanking,Shopping,PayPal
58,2024-06-02 04:25:39,242.4,7725,UPI,Food,BankApp
59,2024-03-21 01:57:57,242.49,1673,DebitCard,Entertainment,PhonePe
60,2024-06-18 22:57:02,33.86,6332,NetBanking,Food,GPay
61,2024-01-04 11:35:24,18.18,6994,DebitCard,Utilities,PhonePe
62,2024-06-17 05:49:35,645.05,6369,DebitCard,Entertainment,Paytm
63,2024-04-15 07:23:19,799.75,3262,CrebitCard,Healthcare,BankApp
64,2024-03-25 15:15:06,314.15,5978,UPI,Utilities,PayPal
65,2024-04-26 18:24:55,697.14,9038,UPI,Shopping,Paytm
66,2024-06-16 21:42:43,978.27,9806,NetBanking,Food,BHIMApp
67,2024-01-09 13:12:33,447.26,5459,DebitCard,Food,GPay
68,2024-05-16 15:34:55,975.0,5651,DebitCard,Entertainment,BHIMApp
69,2024-05-13 19:42:31,167.33,2948,DebitCard,Healthcare,BankApp
70,2024-02-06 11:45:01,236.62,2274,UPI,Food,PayPal
71,2024-02-28 15:17:22,235.38,4433,DebitCard,Shopping,BankApp
72,2024-05-22 02:57:03,561.4,9894,UPI,Food,PayPal
73,2024-06-15 14:34:46,972.62,3079,NetBanking,Food,PayPal
74,2024-06-18 07:23:47,709.6,6491,UPI,Travel,PayPal
75,2024-06-14 21:36:21,971.81,7796,DebitCard,Travel,PayPal
76,2024-02-01 20:19:04,641.01,9798,NetBanking,Travel,Paytm
77,2024-06-27 10:55:58,893.77,6618,CrebitCard,Healthcare,GPay
78,2024-06-15 09:05:36,596.78,5497,UPI,Utilities,BHIMApp
79,2024-02-16 22:27:12,173.31,3688,NetBanking,Healthcare,PhonePe
80,2024-03-15 03:58:41,367.73,3805,NetBanking,Shopping,BHIMApp
81,2024-01-07 02:35:58,1.7,2677,NetBanking,Food,Paytm
82,2024-01-09 19:36:03,590.74,5183,UPI,Travel,BHIMApp
83,2024-03-04 11:17:04,277.67,7374,DebitCard,Utilities,Paytm
84,2024-05-02 12:47:21,189.27,2165,CrebitCard,Travel,GPay
85,2024-03-03 00:31:44,181.14,5422,NetBanking,Utilities,BHIMApp
86,2024-03-22 23:26:21,341.21,4259,DebitCard,Travel,Paytm
87,2024-01-18 07:19:55,542.2,9170,NetBanking,Healthcare,PhonePe
88,2024-05-09 06:38:46,547.39,9216,UPI,Utilities,BHIMApp
89,2024-02-10 04:58:00,788.19,8076,NetBanking,Food,PayPal
90,2024-01-28 04:32:02,210.56,1286,UPI,Shopping,BHIMApp
91,2024-02-04 23:00:43,450.74,2559,UPI,Travel,BankApp
92,2024-02-23 19:03:31,668.02,7609,DebitCard,Shopping,BankApp
93,2024-01-10 09:47:43,592.51,4911,DebitCard,Entertainment,PayPal
94,2024-05-06 03:20:50,524.1,4674,NetBanking,Entertainment,PayPal
95,2024-01-13 11:36:51,753.86,5778,NetBanking,Entertainment,BHIMApp
96,2024-03-21 01:01:44,576.93,8136,DebitCard,Entertainment,PayPal
97,2024-03-15 04:24:05,772.9,1138,DebitCard,Entertainment,BHIMApp
98,2024-03-20 22:33:35,373.92,4667,CrebitCard,Entertainment,BankApp
99,2024-01-01 14:21:32,254.56,6304,CrebitCard,Healthcare,Paytm
100,2024-01-29 01:21:55,642.64,1210,CrebitCard,Food,GPay
101,2024-02-05 06:17:09,195.56,5979,NetBanking,Utilities,Paytm
102,2024-02-10 17:06:37,34.65,8883,UPI,Travel,Paytm
103,2024-01-10 08:35:15,986.69,8759,NetBanking,Entertainment,PhonePe
104,2024-01-18 08:16:45,475.02,7618,UPI,Shopping,PhonePe
105,2024-02-22 18:11:13,75.52,5049,UPI,Utilities,GPay
106,2024-04-06 17:39:34,873.16,4738,NetBanking,Shopping,Paytm
107,2024-04-23 20:30:43,138.14,5238,CrebitCard,Entertainment,PhonePe
108,2024-01-16 18:53:49,954.94,8504,CrebitCard,Healthcare,BHIMApp
109,2024-06-16 05:12:02,752.67,7084,CrebitCard,Entertainment,BankApp
110,2024-03-24 06:42:47,83.39,9116,DebitCard,Food,PayPal
111,2024-05-06 10:58:42,640.13,2099,UPI,Healthcare,Paytm
112,2024-03-09 06:03:10,924.45,4196,UPI,Travel,PhonePe
113,2024-06-21 08:45:40,940.37,9839,DebitCard,Shopping,GPay
114,2024-06-09 05:40:05,608.45,4633,UPI,Entertainment,PhonePe
115,2024-04-27 19:50:36,108.32,5001,CrebitCard,Food,PayPal
116,2024-01-01 11:43:32,190.86,2890,DebitCard,Healthcare,PhonePe
117,2024-02-17 15:53:12,37.15,1524,NetBanking,Shopping,PayPal
118,2024-02-02 05:10:20,804.78,1042,DebitCard,Healthcare,BHIMApp
119,2024-05-15 08:28:12,137.72,1289,NetBanking,Shopping,GPay
120,2024-04-22 23:41:59,557.68,5019,CrebitCard,Shopping,Paytm
121,2024-02-08 00:04:41,990.98,1576,NetBanking,Shopping,PayPal
122,2024-03-14 22:16:14,965.69,5946,CrebitCard,Food,BankApp
123,2024-04-18 17:43:29,778.75,4660,DebitCard,Food,BHIMApp
124,2024-05-16 19:25:32,584.79,4141,NetBanking,Shopping,PayPal
125,2024-05-16 12:25:10,789.19,1512,NetBanking,Entertainment,PayPal
126,2024-03-13 14:40:42,996.48,1434,CrebitCard,Food,BHIMApp
127,2024-05-21 20:45:59,413.74,3431,CrebitCard,Entertainment,PayPal
128,2024-06-03 12:47:10,268.11,4670,CrebitCard,Shopping,BankApp
129,2024-05-12 16:00:32,622.06,1247,NetBanking,Entertainment,PayPal
130,2024-05-08 16:23:04,78.94,1155,NetBanking,Healthcare,PhonePe
131,2024-05-09 19:46:55,515.73,3158,DebitCard,Healthcare,BHIMApp
132,2024-01-25 16:55:45,596.66,7090,CrebitCard,Travel,GPay
133,2024-05-06 02:36:16,130.57,7340,UPI,Healthcare,BankApp
134,2024-04-10 16:44:50,414.87,5566,NetBanking,Utilities,PayPal
135,2024-01-30 19:58:21,819.73,8890,CrebitCard,Healthcare,BankApp
136,2024-04-24 06:49:05,19.32,3861,NetBanking,Entertainment,Paytm
137,2024-01-08 16:32:34,444.27,5806,CrebitCard,Healthcare,GPay
138,2024-04-21 04:13:52,628.08,5620,DebitCard,Healthcare,BankApp
139,2024-04-30 12:33:38,24.85,8383,DebitCard,Utilities,GPay
140,2024-05-07 23:40:11,184.68,7897,NetBanking,Food,PayPal
141,2024-02-27 06:25:46,20.15,6860,NetBanking,Food,GPay
142,2024-06-10 13:41:26,977.12,1188,DebitCard,Entertainment,PhonePe
143,2024-04-28 22:05:20,543.68,9341,DebitCard,Utilities,PhonePe
144,2024-01-22 05:11:51,593.55,6928,CrebitCard,Utilities,GPay
145,2024-01-05 19:56:38,214.62,8794,CrebitCard,Entertainment,PhonePe
146,2024-04-14 05:33:49,189.77,1312,CrebitCard,Healthcare,PhonePe
147,2024-04-21 07:45:51,828.29,6366,NetBanking,Entertainment,Paytm
148,2024-02-20 11:20:07,782.79,2202,NetBanking,Healthcare,PayPal
149,2024-04-25 11:28:35,964.1,3844,DebitCard,Utilities,PhonePe
150,2024-01-27 01:23:30,348.78,3452,DebitCard,Shopping,BHIMApp
151,2024-06-10 09:50:30,949.44,5817,UPI,Healthcare,PayPal
152,2024-04-21 14:20:34,62.7,6436,DebitCard,Healthcare,GPay
153,2024-03-29 23:12:09,201.16,2165,NetBanking,Food,PayPal
154,2024-06-08 10:15:54,133.42,5353,NetBanking,Travel,BankApp
155,2024-03-16 15:04:53,869.7,1903,CrebitCard,Food,BHIMApp
156,2024-06-06 18:24:48,328.64,1782,CrebitCard,Shopping,Paytm
157,2024-06-23 09:29:23,823.86,3916,NetBanking,Healthcare,GPay
158,2024-05-18 07:46:58,50.22,6320,UPI,Shopping,Paytm
159,2024-03-02 01:15:07,463.7,8421,DebitCard,Entertainment,PhonePe
160,2024-03-05 11:39:47,190.5,3265,CrebitCard,Shopping,BankApp
161,2024-05-10 01:27:30,978.71,1228,NetBanking,Food,BHIMApp
162,2024-01-12 08:05:24,772.21,6643,NetBanking,Healthcare,BankApp
163,2024-06-02 07:08:19,369.21,3987,UPI,Entertainment,GPay
164,2024-06-26 22:27:32,381.08,5696,UPI,Healthcare,BHIMApp
165,2024-02-15 22:06:04,554.01,4679,DebitCard,Travel,PhonePe
166,2024-06-28 03:52:12,727.52,9877,UPI,Food,Paytm
167,2024-03-03 23:09:01,891.51,3909,UPI,Healthcare,BankApp
168,2024-01-23 01:32:16,281.05,3358,CrebitCard,Shopping,GPay
169,2024-02-07 23:19:15,913.21,5874,NetBanking,Shopping,PayPal
170,2024-03-23 13:24:27,164.61,7983,CrebitCard,Food,GPay
171,2024-04-04 08:40:22,34.59,5864,NetBanking,Healthcare,BHIMApp
172,2024-03-11 09:10:00,426.8,4902,CrebitCard,Shopping,PhonePe
173,2024-02-10 18:22:03,797.36,7893,DebitCard,Food,Paytm
174,2024-02-24 17:30:33,926.83,5966,UPI,Travel,BHIMApp
175,2024-04-11 13:11:38,170.98,7047,NetBanking,Entertainment,GPay
176,2024-02-03 20:29:38,648.9,5133,DebitCard,Travel,PhonePe
177,2024-05-28 09:02:41,958.78,7228,NetBanking,Healthcare,BHIMApp
178,2024-06-29 14:48:11,633.88,1320,UPI,Shopping,GPay
179,2024-01-05 17:10:02,803.09,9267,UPI,Utilities,BHIMApp
180,2024-04-11 14:07:07,482.87,1693,DebitCard,Entertainment,BHIMApp
181,2024-01-25 23:30:43,665.33,3151,CrebitCard,Shopping,BankApp
182,2024-02-04 00:47:56,767.74,1266,CrebitCard,Healthcare,BankApp
183,2024-04-02 16:30:39,34.21,9544,CrebitCard,Entertainment,PhonePe
184,2024-01-01 16:20:02,207.97,2173,DebitCard,Shopping,PhonePe
185,2024-02-02 04:58:55,784.64,2988,DebitCard,Healthcare,Paytm
186,2024-02-08 09:06:36,869.12,5777,CrebitCard,Food,BHIMApp
187,2024-03-09 14:51:11,606.1,3687,NetBanking,Shopping,PhonePe
188,2024-02-09 12:10:25,590.39,2735,DebitCard,Food,PhonePe
189,2024-03-26 22:29:45,790.4,8651,DebitCard,Shopping,Paytm
190,2024-02-12 08:21:02,4.02,1270,UPI,Utilities,BHIMApp
191,2024-01-29 19:45:49,247.51,8658,NetBanking,Healthcare,PayPal
192,2024-01-24 05:38:13,97.8,8945,DebitCard,Travel,BHIMApp
193,2024-03-24 23:34:59,110.55,5847,DebitCard,Healthcare,BHIMApp
194,2024-01-07 05:45:20,683.19,7848,UPI,Utilities,PhonePe
195,2024-04-17 12:01:51,862.27,4203,CrebitCard,Shopping,PayPal
196,2024-06-10 07:55:11,919.59,1348,CrebitCard,Healthcare,BHIMApp
197,2024-06-26 02:43:56,332.72,7407,CrebitCard,Food,BHIMApp
198,2024-06-23 19:24:43,451.84,3004,CrebitCard,Food,BankApp
199,2024-05-08 08:47:30,428.8,4371,NetBanking,Utilities,BankApp
200,2024-06-27 08:12:04,615.4,3751,UPI,Travel,BankApp
201,2024-05-15 00:27:09,481.99,7826,NetBanking,Healthcare,Paytm
202,2024-04-03 11:02:44,47.56,7916,CrebitCard,Shopping,Paytm
203,2024-01-28 20:29:02,832.3,6873,CrebitCard,Shopping,GPay
204,2024-05-16 23:41:36,32.37,7145,CrebitCard,Food,BankApp
205,2024-06-19 07:08:29,285.67,5461,DebitCard,Utilities,PhonePe
206,2024-05-20 00:54:30,539.47,2476,CrebitCard,Entertainment,GPay
207,2024-06-18 00:55:28,444.66,4474,UPI,Utilities,BankApp
208,2024-02-07 23:34:37,551.05,1566,UPI,Shopping,Paytm
209,2024-06-24 03:31:16,358.91,2975,CrebitCard,Entertainment,BHIMApp
210,2024-04-29 05:37:08,870.88,9432,DebitCard,Food,PayPal
211,2024-06-28 13:55:02,457.11,7902,CrebitCard,Entertainment,PayPal
212,2024-01-22 00:04:50,41.83,8011,CrebitCard,Food,BankApp
213,2024-03-07 12:15:38,335.76,3029,CrebitCard,Healthcare,PhonePe
214,2024-02-17 21:07:50,771.56,1755,DebitCard,Entertainment,Paytm
215,2024-02-03 17:02:13,843.79,7987,CrebitCard,Healthcare,PhonePe
216,2024-04-17 04:46:15,455.0,3373,DebitCard,Entertainment,Paytm
217,2024-03-28 09:22:51,600.59,4840,NetBanking,Utilities,Paytm
218,2024-01-13 11:25:39,548.51,9767,CrebitCard,Utilities,BankApp
219,2024-04-13 21:12:43,613.5,9537,NetBanking,Travel,Paytm
220,2024-02-27 23:20:47,384.14,9150,NetBanking,Shopping,Paytm
221,2024-05-30 23:31:18,934.81,6887,NetBanking,Food,PhonePe
222,2024-03-08 10:59:33,28.83,7724,CrebitCard,Travel,BankApp
223,2024-01-18 23:04:29,608.79,3201,UPI,Travel,PhonePe
224,2024-05-19 02:19:47,926.19,3553,NetBanking,Utilities,PhonePe
225,2024-06-27 09:00:57,544.11,1862,UPI,Utilities,PayPal
226,2024-04-14 15:17:56,900.43,7172,DebitCard,Travel,GPay
227,2024-04-06 16:34:07,435.98,9790,UPI,Shopping,BankApp
228,2024-03-26 21:29:14,939.75,5027,DebitCard,Travel,PayPal
229,2024-01-27 22:10:59,994.13,6792,UPI,Utilities,PhonePe
230,2024-06-20 13:29:22,827.58,7920,NetBanking,Entertainment,GPay
231,2024-06-23 17:00:29,539.2,6142,NetBanking,Healthcare,PhonePe
232,2024-06-22 14:08:40,601.6,1439,CrebitCard,Food,BankApp
233,2024-03-26 05:16:04,68.92,3787,DebitCard,Food,BHIMApp
234,2024-06-28 22:43:22,355.67,4386,CrebitCard,Food,PayPal
235,2024-05-09 08:30:27,429.24,7395,NetBanking,Utilities,GPay
236,2024-02-29 13:40:20,796.58,4825,CrebitCard,Travel,Paytm
237,2024-02-06 11:39:22,680.06,3888,CrebitCard,Travel,Paytm
238,2024-03-06 20:33:07,741.58,7252,UPI,Entertainment,BHIMApp
239,2024-02-26 21:06:37,398.69,5688,UPI,Healthcare,PhonePe
240,2024-02-14 22:22:06,810.31,8207,NetBanking,Shopping,BankApp
241,2024-02-18 19:06:55,642.03,7006,NetBanking,Shopping,Paytm
242,2024-04-10 07:59:41,391.01,9206,DebitCard,Entertainment,BankApp
243,2024-06-29 18:50:22,605.05,1720,NetBanking,Entertainment,GPay
244,2024-06-13 17:55:36,689.72,4891,NetBanking,Shopping,Paytm
245,2024-06-21 23:17:31,1.74,2366,UPI,Healthcare,GPay
246,2024-05-29 23:31:32,173.67,7062,UPI,Entertainment,PayPal
247,2024-03-27 02:26:17,783.98,2764,DebitCard,Healthcare,BHIMApp
248,2024-03-08 01:25:31,174.43,5155,NetBanking,Entertainment,PayPal
249,2024-01-25 12:48:35,949.75,9502,NetBanking,Utilities,BankApp
250,2024-03-12 22:56:53,88.55,5580,NetBanking,Food,PayPal
251,2024-02-11 07:10:41,346.0,1554,CrebitCard,Utilities,PayPal
252,2024-06-15 22:52:01,201.04,1126,DebitCard,Food,BankApp
253,2024-06-25 01:30:08,779.54,7438,CrebitCard,Travel,BHIMApp
254,2024-03-23 08:40:20,578.69,6711,NetBanking,Shopping,GPay
255,2024-05-26 20:28:30,977.13,1686,DebitCard,Travel,GPay
256,2024-05-17 18:11:08,586.39,2877,DebitCard,Shopping,BHIMApp
257,2024-06-24 03:49:32,641.1,5473,CrebitCard,Shopping,PayPal
258,2024-04-29 10:11:24,247.11,2452,DebitCard,Utilities,PayPal
259,2024-06-05 17:20:01,487.3,3749,DebitCard,Entertainment,GPay
260,2024-04-18 23:28:45,386.03,7054,CrebitCard,Healthcare,PhonePe
261,2024-06-18 03:41:38,571.96,1972,UPI,Healthcare,BankApp
262,2024-04-14 08:56:24,134.35,7175,CrebitCard,Entertainment,Paytm
263,2024-04-22 20:25:44,781.43,8729,NetBanking,Travel,BankApp
264,2024-05-01 22:25:39,989.57,5315,DebitCard,Food,GPay
265,2024-03-17 14:29:04,39.72,8175,DebitCard,Food,BankApp
266,2024-03-27 08:53:21,234.21,5161,DebitCard,Travel,BHIMApp
267,2024-05-30 13:27:52,252.11,9007,CrebitCard,Healthcare,BankApp
268,2024-04-08 15:06:34,67.51,3060,CrebitCard,Healthcare,BHIMApp
269,2024-01-11 08:21:02,111.71,1866,UPI,Shopping,Paytm
270,2024-01-01 01:36:22,691.75,3621,NetBanking,Food,GPay
271,2024-01-24 03:31:13,756.61,7496,CrebitCard,Food,PhonePe
272,2024-02-26 17:54:27,913.86,8505,UPI,Travel,PayPal
273,2024-01-22 17:31:57,881.47,2637,UPI,Food,BHIMApp
274,2024-06-21 23:31:34,197.42,5349,UPI,Travel,BankApp
275,2024-02-13 19:43:38,472.26,2982,DebitCard,Travel,PayPal
276,2024-02-22 06:38:43,203.72,9674,DebitCard,Shopping,BHIMApp
277,2024-05-11 17:50:29,961.08,2530,NetBanking,Travel,PayPal
278,2024-05-01 20:24:01,861.93,4878,DebitCard,Travel,BHIMApp
279,2024-01-04 16:13:59,306.89,5222,NetBanking,Shopping,BankApp
280,2024-02-08 22:51:06,669.5,9540,NetBanking,Healthcare,GPay
281,2024-03-28 20:53:14,812.12,6719,UPI,Food,GPay
282,2024-04-30 01:35:06,152.07,9308,DebitCard,Travel,BHIMApp
283,2024-05-31 09:06:31,853.61,5645,CrebitCard,Shopping,BHIMApp
284,2024-01-13 01:27:48,230.94,4405,CrebitCard,Healthcare,BHIMApp
285,2024-03-30 15:37:35,575.77,8512,DebitCard,Shopping,PayPal
286,2024-05-07 09:14:47,17.65,5653,CrebitCard,Entertainment,Paytm
287,2024-04-12 03:57:22,268.77,4577,NetBanking,Healthcare,Paytm
288,2024-06-20 17:01:09,65.72,1319,CrebitCard,Healthcare,GPay
289,2024-05-09 16:35:15,505.34,2192,UPI,Food,PhonePe
290,2024-03-21 03:43:02,650.44,4286,UPI,Shopping,Paytm
291,2024-05-24 10:30:59,79.37,8876,CrebitCard,Food,BankApp
292,2024-04-28 05:58:35,317.84,4220,CrebitCard,Healthcare,BankApp
293,2024-05-05 06:20:07,513.48,7993,UPI,Travel,Paytm
294,2024-03-03 02:32:03,216.99,7007,DebitCard,Utilities,Paytm
295,2024-05-07 20:32:06,561.33,7859,DebitCard,Food,BankApp
296,2024-03-31 15:37:32,932.78,7238,NetBanking,Travel,BHIMApp
297,2024-03-23 18:34:25,934.19,9985,NetBanking,Healthcare,BHIMApp
298,2024-03-21 01:25:43,839.84,5158,DebitCard,Shopping,BankApp
299,2024-03-09 21:01:59,81.85,3757,NetBanking,Healthcare,Paytm
300,2024-03-03 07:13:45,369.74,9369,NetBanking,Entertainment,PayPal
301,2024-02-02 03:15:50,601.38,3580,NetBanking,Food,PhonePe
302,2024-04-14 08:22:05,338.41,6336,NetBanking,Food,GPay
303,2024-02-21 01:06:04,651.3,4728,CrebitCard,Entertainment,BHIMApp
304,2024-05-13 06:40:50,209.76,5480,UPI,Entertainment,GPay
305,2024-02-03 10:07:00,695.9,9081,NetBanking,Food,Paytm
306,2024-01-09 04:01:16,394.4,6949,NetBanking,Travel,PayPal
307,2024-02-11 07:21:52,721.85,2408,UPI,Food,GPay
308,2024-02-16 15:31:01,211.21,6305,UPI,Entertainment,BankApp
309,2024-03-26 03:36:00,267.46,3376,DebitCard,Shopping,PayPal
310,2024-03-23 23:01:29,678.23,1455,DebitCard,Travel,BankApp
311,2024-06-21 23:50:07,507.85,1002,UPI,Healthcare,PhonePe
312,2024-02-09 21:42:46,113.56,8587,UPI,Utilities,BHIMApp
313,2024-04-27 02:34:01,10.7,2585,CrebitCard,Travel,BankApp
314,2024-04-09 02:24:11,721.65,7351,NetBanking,Travel,BHIMApp
315,2024-02-13 09:58:44,116.04,7719,CrebitCard,Food,PayPal
316,2024-03-11 01:40:13,936.54,6218,UPI,Shopping,BHIMApp
317,2024-01-22 21:22:31,120.42,7247,NetBanking,Entertainment,PayPal
318,2024-04-13 17:35:35,794.07,1219,UPI,Utilities,GPay
319,2024-06-21 19:46:57,479.11,9261,CrebitCard,Utilities,BankApp
320,2024-04-06 05:12:38,854.81,3027,UPI,Shopping,PayPal
321,2024-01-29 01:59:50,338.78,3559,DebitCard,Entertainment,BankApp
322,2024-05-21 16:16:19,516.11,4538,UPI,Food,BHIMApp
323,2024-04-08 18:59:16,873.32,5159,DebitCard,Travel,GPay
324,2024-02-17 21:06:59,931.85,1105,DebitCard,Entertainment,BankApp
325,2024-06-09 15:03:46,48.04,2472,UPI,Travel,PayPal
326,2024-01-03 02:39:35,44.37,9524,UPI,Travel,PhonePe
327,2024-05-12 15:57:17,713.47,9931,CrebitCard,Entertainment,PhonePe
328,2024-03-14 02:54:08,900.87,5085,UPI,Travel,GPay
329,2024-05-18 14:01:03,296.03,8124,CrebitCard,Entertainment,BHIMApp
330,2024-01-10 19:27:42,971.61,9982,NetBanking,Entertainment,PayPal
331,2024-03-19 23:37:34,826.15,4969,NetBanking,Utilities,GPay
332,2024-06-29 00:12:23,544.17,1893,UPI,Healthcare,BankApp
333,2024-02-13 01:50:06,739.01,5138,NetBanking,Entertainment,PayPal
334,2024-01-31 01:38:30,64.08,5590,UPI,Shopping,BHIMApp
335,2024-01-24 22:49:19,760.11,5892,DebitCard,Healthcare,Paytm
336,2024-03-30 12:54:11,746.28,2255,CrebitCard,Food,PayPal
337,2024-05-30 05:59:57,584.08,4759,DebitCard,Travel,Paytm
338,2024-05-15 20:48:03,659.7,7075,NetBanking,Entertainment,GPay
339,2024-02-18 23:15:24,668.82,5622,UPI,Food,GPay
340,2024-02-28 11:39:06,402.95,5069,NetBanking,Entertainment,GPay
341,2024-02-19 03:12:15,148.28,9099,DebitCard,Utilities,PayPal
342,2024-01-28 00:02:54,711.3,8331,NetBanking,Utilities,BankApp
343,2024-03-25 15:34:13,235.66,8602,NetBanking,Utilities,PhonePe
344,2024-02-29 16:12:21,946.13,8435,UPI,Travel,BHIMApp
345,2024-01-03 23:13:03,972.17,6304,NetBanking,Food,BHIMApp
346,2024-06-07 15:50:45,975.47,8451,UPI,Travel,PayPal
347,2024-05-27 18:18:02,822.21,6889,NetBanking,Healthcare,GPay
348,2024-02-25 15:04:26,790.82,5038,DebitCard,Utilities,Paytm
349,2024-04-19 00:27:17,287.48,8452,NetBanking,Utilities,BankApp
350,2024-05-19 14:39:30,592.02,8819,NetBanking,Travel,BHIMApp
351,2024-05-03 21:25:09,762.31,7130,NetBanking,Utilities,BHIMApp
352,2024-06-27 01:26:31,906.82,6444,UPI,Travel,Paytm
353,2024-02-26 07:47:27,663.99,1989,UPI,Utilities,PhonePe
354,2024-04-29 08:30:49,64.7,3580,CrebitCard,Entertainment,PhonePe
355,2024-04-07 04:26:55,148.06,6107,NetBanking,Utilities,BankApp
356,2024-05-08 19:04:43,204.1,5668,CrebitCard,Healthcare,PhonePe
357,2024-04-16 18:59:39,207.66,7142,NetBanking,Shopping,PayPal
358,2024-03-19 01:43:42,311.32,6552,CrebitCard,Utilities,PhonePe
359,2024-03-12 10:20:05,118.51,2902,UPI,Food,BHIMApp
360,2024-02-11 06:23:50,609.69,3610,UPI,Entertainment,GPay
361,2024-04-01 00:03:56,54.15,3046,DebitCard,Travel,Paytm
362,2024-03-05 04:41:21,313.24,9364,NetBanking,Food,Paytm
363,2024-04-30 22:03:34,787.05,6773,DebitCard,Travel,PayPal
364,2024-05-22 13:41:57,76.49,8156,CrebitCard,Entertainment,PayPal
365,2024-06-07 06:38:40,481.33,7187,CrebitCard,Food,BHIMApp
366,2024-04-28 16:10:53,291.99,3334,CrebitCard,Entertainment,PhonePe
367,2024-05-11 16:48:26,385.15,9122,UPI,Travel,PhonePe
368,2024-05-25 15:51:16,991.68,4101,CrebitCard,Food,PhonePe
369,2024-04-06 18:19:49,681.35,8500,CrebitCard,Shopping,BHIMApp
370,2024-04-29 04:52:16,850.04,3629,DebitCard,Entertainment,Paytm
371,2024-05-25 16:11:11,83.01,9006,UPI,Entertainment,PayPal
372,2024-01-26 03:16:18,722.72,6679,NetBanking,Healthcare,BankApp
373,2024-04-30 11:19:32,876.39,6319,CrebitCard,Entertainment,GPay
374,2024-05-04 16:50:50,748.03,5507,UPI,Travel,PhonePe
375,2024-03-18 14:28:42,522.81,7987,UPI,Entertainment,GPay
376,2024-03-18 15:10:21,98.63,1826,UPI,Healthcare,BHIMApp
377,2024-06-25 19:22:44,560.99,3515,DebitCard,Travel,BankApp
378,2024-01-30 04:38:49,505.47,1012,DebitCard,Shopping,PayPal
379,2024-01-28 23:09:13,983.08,9575,CrebitCard,Healthcare,BankApp
380,2024-04-18 16:40:12,783.36,1872,UPI,Healthcare,GPay
381,2024-03-28 01:13:29,745.41,8741,CrebitCard,Travel,PayPal
382,2024-04-14 19:30:23,889.83,8102,UPI,Utilities,Paytm
383,2024-05-18 05:52:12,426.81,1727,UPI,Food,BankApp
384,2024-01-15 14:44:00,697.69,3092,NetBanking,Food,GPay
385,2024-05-29 06:12:52,171.46,8170,NetBanking,Healthcare,BankApp
386,2024-01-11 19:30:50,689.52,4889,CrebitCard,Entertainment,PhonePe
387,2024-01-05 16:56:33,861.07,8714,CrebitCard,Food,PhonePe
388,2024-05-31 14:34:42,76.79,2565,DebitCard,Travel,PayPal
389,2024-02-29 07:44:25,836.9,9570,CrebitCard,Shopping,Paytm
390,2024-04-11 17:57:07,453.57,2475,NetBanking,Entertainment,PhonePe
391,2024-02-13 23:03:06,761.3,9220,NetBanking,Utilities,Paytm
392,2024-02-15 18:41:58,171.21,1479,DebitCard,Utilities,PayPal
393,2024-06-09 09:01:54,790.1,5609,NetBanking,Utilities,GPay
394,2024-01-12 09:11:30,794.42,7350,UPI,Shopping,PayPal
395,2024-05-14 13:57:42,15.26,6435,DebitCard,Food,Paytm
396,2024-02-09 14:33:21,966.4,1315,UPI,Shopping,GPay
397,2024-04-30 23:27:28,605.37,8957,UPI,Entertainment,Paytm
398,2024-03-22 21:13:37,748.42,1880,UPI,Shopping,BHIMApp
399,2024-05-13 09:50:34,144.84,7454,NetBanking,Food,BHIMApp
400,2024-01-16 08:47:19,148.53,5285,UPI,Travel,BankApp
401,2024-02-10 21:24:52,135.11,4689,CrebitCard,Travel,BankApp
402,2024-04-13 22:31:30,247.87,5139,CrebitCard,Entertainment,PayPal
403,2024-02-05 03:50:13,290.43,9264,DebitCard,Food,PhonePe
404,2024-03-25 19:12:24,863.3,5636,DebitCard,Travel,BHIMApp
405,2024-06-19 22:31:39,127.82,6075,CrebitCard,Shopping,GPay
406,2024-05-17 06:18:25,279.79,2501,DebitCard,Food,GPay
407,2024-01-06 09:01:13,440.36,2551,CrebitCard,Shopping,GPay
408,2024-04-19 10:37:54,771.98,1612,DebitCard,Healthcare,BankApp
409,2024-04-10 08:45:00,375.05,4219,CrebitCard,Utilities,PhonePe
410,2024-01-13 12:56:08,846.47,3933,CrebitCard,Utilities,PayPal
411,2024-06-07 23:02:42,286.54,3421,NetBanking,Healthcare,PhonePe
412,2024-05-28 16:48:42,45.93,3520,UPI,Utilities,Paytm
413,2024-01-06 15:14:59,671.64,8649,DebitCard,Shopping,Paytm
414,2024-06-07 08:25:13,262.95,5994,CrebitCard,Travel,GPay
415,2024-05-30 16:06:44,15.16,6188,CrebitCard,Food,BHIMApp
416,2024-04-29 01:41:08,707.82,4774,UPI,Travel,PayPal
417,2024-02-06 08:10:48,458.06,7870,DebitCard,Travel,Paytm
418,2024-05-13 23:16:19,239.73,4357,DebitCard,Utilities,PhonePe
419,2024-03-03 06:23:27,292.57,9105,NetBanking,Travel,GPay
420,2024-04-27 12:16:45,412.89,7540,CrebitCard,Entertainment,Paytm
421,2024-04-21 17:28:43,264.8,1266,DebitCard,Entertainment,PhonePe
422,2024-01-14 21:10:45,87.37,1201,UPI,Shopping,PayPal
423,2024-03-07 09:16:22,50.21,5300,UPI,Shopping,GPay
424,2024-05-29 16:48:15,480.91,1182,CrebitCard,Shopping,PayPal
425,2024-04-08 20:06:44,221.47,7121,NetBanking,Shopping,BankApp
426,2024-05-28 23:26:48,52.08,8718,DebitCard,Utilities,PhonePe
427,2024-02-28 09:03:57,968.89,5741,DebitCard,Travel,BHIMApp
428,2024-04-23 03:56:28,97.93,7210,UPI,Shopping,PayPal
429,2024-04-11 00:02:13,329.42,2609,CrebitCard,Entertainment,PhonePe
430,2024-02-28 12:05:18,847.88,3647,NetBanking,Travel,GPay
431,2024-02-11 05:43:00,234.73,9414,NetBanking,Entertainment,GPay
432,2024-06-26 01:39:50,755.24,1085,UPI,Food,PayPal
433,2024-02-07 17:25:05,505.21,9100,UPI,Healthcare,PayPal
434,2024-05-22 16:58:12,707.48,8900,UPI,Travel,BankApp
435,2024-02-29 12:17:09,793.24,7725,NetBanking,Entertainment,BankApp
436,2024-01-23 10:34:21,391.83,3740,DebitCard,Healthcare,BankApp
437,2024-03-07 21:47:44,167.11,6198,NetBanking,Entertainment,GPay
438,2024-03-26 11:57:13,127.24,7661,UPI,Food,BankApp
439,2024-06-05 19:20:27,392.83,4327,NetBanking,Entertainment,PayPal
440,2024-03-11 06:25:03,343.29,5610,NetBanking,Utilities,Paytm
441,2024-04-30 08:45:59,392.42,5405,CrebitCard,Travel,PayPal
442,2024-05-20 04:25:52,323.6,7209,CrebitCard,Entertainment,Paytm
443,2024-04-03 10:28:58,22.26,4420,UPI,Healthcare,PhonePe
444,2024-04-08 04:46:48,121.74,7247,UPI,Travel,Paytm
445,2024-05-28 08:28:45,420.1,2831,UPI,Entertainment,GPay
446,2024-05-03 12:42:03,22.91,5402,NetBanking,Healthcare,PhonePe
447,2024-02-14 07:15:15,848.68,3845,CrebitCard,Entertainment,Paytm
448,2024-04-03 03:36:25,546.71,6995,NetBanking,Travel,BankApp
449,2024-05-24 14:20:52,193.52,9834,CrebitCard,Healthcare,Paytm
450,2024-06-13 14:07:14,449.71,4451,DebitCard,Utilities,PayPal
451,2024-05-23 11:05:09,540.45,3726,CrebitCard,Entertainment,GPay
452,2024-06-11 20:41:22,504.85,7472,UPI,Food,BankApp
453,2024-06-09 14:39:21,923.78,9320,DebitCard,Entertainment,PayPal
454,2024-05-22 11:38:32,745.0,4581,NetBanking,Travel,PayPal
455,2024-01-01 20:34:41,225.91,1542,UPI,Utilities,GPay
456,2024-01-15 09:37:44,253.85,7014,NetBanking,Shopping,Paytm
457,2024-02-25 10:58:46,835.82,5624,UPI,Utilities,Paytm
458,2024-01-15 16:35:51,196.62,9030,UPI,Travel,PhonePe
459,2024-03-18 06:35:01,646.18,1135,NetBanking,Entertainment,GPay
460,2024-01-11 12:35:28,582.41,4380,UPI,Food,BHIMApp
461,2024-02-25 17:50:41,610.71,9331,DebitCard,Shopping,Paytm
462,2024-02-22 15:00:07,658.16,5289,NetBanking,Shopping,PhonePe
463,2024-04-09 12:29:23,505.62,2372,NetBanking,Shopping,GPay
464,2024-05-30 22:43:47,831.79,4326,UPI,Food,PhonePe
465,2024-02-06 02:41:41,991.3,2533,DebitCard,Entertainment,PayPal
466,2024-03-08 17:05:09,408.53,7427,DebitCard,Travel,GPay
467,2024-05-12 16:49:20,210.07,5304,DebitCard,Shopping,Paytm
468,2024-06-26 16:44:34,600.12,6685,UPI,Shopping,PhonePe
469,2024-02-17 13:01:03,696.22,4228,CrebitCard,Travel,BankApp
470,2024-01-26 05:21:21,172.9,1983,NetBanking,Utilities,Paytm
471,2024-03-13 02:37:32,624.82,8334,DebitCard,Food,BHIMApp
472,2024-02-01 03:57:23,432.19,7017,UPI,Food,Paytm
473,2024-05-15 23:44:29,406.21,8563,NetBanking,Utilities,BHIMApp
474,2024-06-12 04:33:38,181.78,5897,CrebitCard,Healthcare,BHIMApp
475,2024-04-10 23:41:58,477.76,7660,CrebitCard,Travel,PhonePe
476,2024-04-18 05:54:34,901.29,4119,DebitCard,Entertainment,BHIMApp
477,2024-02-09 04:17:26,308.77,1273,UPI,Utilities,GPay
478,2024-04-15 22:53:50,166.79,7230,UPI,Travel,PayPal
479,2024-01-17 09:34:01,630.97,7684,UPI,Healthcare,BankApp
480,2024-05-31 13:34:09,101.21,7233,DebitCard,Healthcare,BHIMApp
481,2024-05-30 09:49:08,347.36,7313,UPI,Healthcare,BankApp
482,2024-05-07 20:22:17,784.51,3266,UPI,Entertainment,GPay
483,2024-04-03 02:52:33,102.53,7868,UPI,Shopping,PhonePe
484,2024-02-06 15:14:03,588.3,5231,NetBanking,Healthcare,GPay
485,2024-05-19 06:08:39,558.74,9496,DebitCard,Healthcare,Paytm
486,2024-02-16 21:03:16,311.16,4098,CrebitCard,Travel,BankApp
487,2024-03-29 00:45:58,648.85,8530,NetBanking,Shopping,BHIMApp
488,2024-01-21 14:01:51,482.82,1603,NetBanking,Food,GPay
489,2024-03-05 21:02:20,569.01,8119,NetBanking,Entertainment,PayPal
490,2024-02-17 09:15:54,450.13,7453,NetBanking,Healthcare,BankApp
491,2024-02-09 02:28:19,508.47,2061,NetBanking,Healthcare,BankApp
492,2024-06-11 09:33:58,136.33,5391,UPI,Entertainment,PhonePe
493,2024-05-31 19:51:50,77.48,8834,NetBanking,Shopping,BHIMApp
494,2024-02-08 11:16:58,27.76,4459,DebitCard,Utilities,PayPal
495,2024-06-13 23:04:02,375.18,9988,CrebitCard,Shopping,PhonePe
496,2024-01-21 16:02:56,425.1,6266,CrebitCard,Food,BankApp
497,2024-05-21 20:54:38,282.97,2551,CrebitCard,Travel,PayPal
498,2024-04-12 21:55:20,791.13,6196,NetBanking,Shopping,BHIMApp
499,2024-03-28 22:18:26,247.34,8907,DebitCard,Utilities,Paytm
500,2024-04-11 02:15:44,344.58,9585,DebitCard,Utilities,GPay
501,2024-05-06 23:51:23,697.76,6804,NetBanking,Travel,PhonePe
502,2024-05-18 17:22:55,749.38,7056,NetBanking,Healthcare,BHIMApp
503,2024-05-30 06:16:28,393.85,9300,DebitCard,Shopping,BHIMApp
504,2024-01-16 07:08:46,577.68,2325,DebitCard,Healthcare,Paytm
505,2024-03-19 16:59:43,231.43,9302,NetBanking,Food,PhonePe
506,2024-03-03 00:23:21,251.83,8311,CrebitCard,Travel,PhonePe
507,2024-03-16 07:42:52,850.29,4028,DebitCard,Shopping,BHIMApp
508,2024-03-19 12:33:12,157.8,4968,UPI,Utilities,PayPal
509,2024-05-15 16:00:48,305.08,1064,DebitCard,Food,BankApp
510,2024-04-26 09:51:10,675.95,4658,NetBanking,Shopping,GPay
511,2024-05-16 07:24:02,85.88,4956,DebitCard,Entertainment,Paytm
512,2024-01-27 05:47:31,720.54,1195,CrebitCard,Healthcare,PhonePe
513,2024-05-16 21:49:34,746.87,6873,CrebitCard,Food,BankApp
514,2024-03-09 10:12:16,283.53,3335,NetBanking,Food,BHIMApp
515,2024-05-22 13:03:13,684.01,9549,DebitCard,Entertainment,Paytm
516,2024-04-25 00:30:37,654.63,8544,UPI,Entertainment,GPay
517,2024-05-19 02:38:35,408.92,6808,NetBanking,Entertainment,Paytm
518,2024-04-06 14:42:15,654.73,7667,NetBanking,Travel,GPay
519,2024-03-03 07:51:42,788.35,5521,NetBanking,Food,PayPal
520,2024-02-18 16:08:09,243.58,3075,NetBanking,Food,PayPal
521,2024-02-01 16:07:17,338.17,6162,DebitCard,Shopping,Paytm
522,2024-04-03 13:41:19,472.88,8605,UPI,Travel,PhonePe
523,2024-01-16 04:06:13,438.68,1924,UPI,Food,PayPal
524,2024-06-19 15:26:51,659.7,8262,DebitCard,Healthcare,PayPal
525,2024-02-07 15:55:08,942.26,9576,DebitCard,Shopping,BHIMApp
526,2024-01-15 18:43:54,638.81,6789,CrebitCard,Entertainment,PayPal
527,2024-05-21 09:38:47,551.35,8102,DebitCard,Travel,PhonePe
528,2024-03-22 03:02:12,300.27,6895,DebitCard,Travel,PayPal
529,2024-04-05 13:58:58,743.22,7647,UPI,Utilities,BHIMApp
530,2024-02-23 16:43:23,876.27,9469,NetBanking,Food,BankApp
531,2024-04-14 04:29:06,191.56,5277,CrebitCard,Food,PhonePe
532,2024-05-19 07:51:16,132.63,2270,DebitCard,Food,BHIMApp
533,2024-06-28 09:59:07,3.87,8905,CrebitCard,Entertainment,BankApp
534,2024-02-28 00:22:53,97.29,3242,CrebitCard,Shopping,PhonePe
535,2024-03-25 12:06:01,956.04,9156,NetBanking,Travel,BHIMApp
536,2024-06-12 17:50:08,260.3,1504,CrebitCard,Food,GPay
537,2024-03-20 21:46:02,683.03,7873,UPI,Shopping,Paytm
538,2024-03-29 00:45:16,453.83,3816,DebitCard,Entertainment,PhonePe
539,2024-01-19 22:13:40,100.03,1167,NetBanking,Utilities,BHIMApp
540,2024-05-10 10:53:07,961.05,7040,UPI,Shopping,GPay
541,2024-02-06 05:51:39,316.65,7152,NetBanking,Travel,BHIMApp
542,2024-06-20 18:09:07,330.19,4887,NetBanking,Food,Paytm
543,2024-03-06 18:06:20,300.96,3358,UPI,Utilities,GPay
544,2024-04-16 21:32:35,521.04,1471,NetBanking,Shopping,PayPal
545,2024-06-06 23:45:35,46.87,1443,CrebitCard,Shopping,BankApp
546,2024-01-12 17:13:19,92.83,5167,NetBanking,Utilities,GPay
547,2024-06-08 21:09:28,628.45,3373,UPI,Shopping,Paytm
548,2024-05-01 01:11:20,673.8,8684,CrebitCard,Healthcare,PhonePe
549,2024-03-31 17:34:00,873.88,9823,DebitCard,Utilities,PayPal
550,2024-02-27 17:39:52,774.82,3823,DebitCard,Healthcare,BankApp
551,2024-04-18 19:56:20,626.48,9103,UPI,Shopping,BHIMApp
552,2024-02-01 02:09:00,208.27,2042,DebitCard,Utilities,BHIMApp
553,2024-05-11 19:16:35,494.5,2560,DebitCard,Healthcare,PayPal
554,2024-03-10 09:56:48,501.95,3847,UPI,Entertainment,GPay
555,2024-04-13 08:50:27,278.07,8360,DebitCard,Shopping,BankApp
556,2024-04-02 14:49:22,160.45,1252,NetBanking,Healthcare,BankApp
557,2024-03-12 02:37:14,591.87,3231,UPI,Shopping,BankApp
558,2024-04-16 12:46:38,549.42,7867,CrebitCard,Entertainment,BHIMApp
559,2024-06-23 17:13:01,444.72,3820,NetBanking,Healthcare,PayPal
560,2024-02-08 11:31:54,118.29,9175,UPI,Entertainment,PayPal
561,2024-06-14 23:00:21,39.38,6349,DebitCard,Entertainment,PayPal
562,2024-03-11 23:16:40,389.3,7131,NetBanking,Utilities,BHIMApp
563,2024-05-29 09:34:22,443.78,6221,DebitCard,Food,GPay
564,2024-05-10 06:10:57,453.19,8941,UPI,Healthcare,PayPal
565,2024-01-11 08:36:40,439.57,9102,DebitCard,Healthcare,PayPal
566,2024-04-29 13:32:40,391.97,1975,UPI,Food,PayPal
567,2024-01-27 18:28:00,848.32,6792,UPI,Utilities,Paytm
568,2024-05-06 20:23:40,558.75,2107,CrebitCard,Entertainment,GPay
569,2024-02-20 19:50:58,416.17,2673,CrebitCard,Entertainment,PayPal
570,2024-03-16 19:07:08,797.59,9709,UPI,Shopping,BHIMApp
571,2024-04-14 13:59:01,924.79,4480,UPI,Healthcare,PhonePe
572,2024-01-23 22:15:52,394.99,1432,UPI,Entertainment,BHIMApp
573,2024-02-10 05:20:04,706.64,3175,CrebitCard,Utilities,PayPal
574,2024-05-31 13:11:05,993.47,4549,UPI,Utilities,BankApp
575,2024-06-25 22:21:22,151.2,3435,UPI,Travel,Paytm
576,2024-03-24 09:59:57,852.17,6494,NetBanking,Utilities,Paytm
577,2024-04-27 05:19:00,386.66,1889,NetBanking,Travel,PayPal
578,2024-04-01 12:21:49,897.45,3461,UPI,Travel,PayPal
579,2024-05-12 16:18:11,445.74,3045,UPI,Entertainment,PayPal
580,2024-06-29 16:43:26,614.71,2901,DebitCard,Healthcare,Paytm
581,2024-06-11 01:56:36,253.85,3267,UPI,Food,GPay
582,2024-03-08 13:43:43,544.13,3999,CrebitCard,Utilities,GPay
583,2024-02-01 08:11:49,686.9,2879,DebitCard,Travel,BHIMApp
584,2024-02-24 10:37:05,59.75,4575,NetBanking,Shopping,PhonePe
585,2024-01-12 02:00:11,713.98,3224,DebitCard,Utilities,Paytm
586,2024-05-08 14:53:09,463.76,5565,UPI,Healthcare,PhonePe
587,2024-05-21 13:05:48,348.3,6298,CrebitCard,Healthcare,Paytm
588,2024-03-03 18:21:39,306.53,7019,NetBanking,Travel,PayPal
589,2024-06-04 00:31:48,344.83,4420,CrebitCard,Shopping,PhonePe
590,2024-05-29 11:03:30,809.37,4006,UPI,Healthcare,PhonePe
591,2024-01-19 20:49:57,607.73,1218,CrebitCard,Shopping,GPay
592,2024-04-24 04:34:33,292.04,7744,UPI,Food,PhonePe
593,2024-01-17 00:01:05,264.22,8765,UPI,Healthcare,Paytm
594,2024-03-25 23:44:51,892.27,3800,CrebitCard,Food,PhonePe
595,2024-01-19 04:30:01,931.26,4861,CrebitCard,Utilities,BHIMApp
596,2024-02-09 21:02:15,799.22,7098,UPI,Entertainment,Paytm
597,2024-05-18 03:20:02,178.28,2952,UPI,Entertainment,PhonePe
598,2024-04-08 16:10:52,565.51,2325,UPI,Travel,Paytm
599,2024-04-09 05:16:21,181.09,9628,UPI,Travel,PayPal
600,2024-01-01 08:30:34,824.15,4176,CrebitCard,Travel,PayPal
601,2024-05-16 07:41:29,123.01,7933,CrebitCard,Utilities,Paytm
602,2024-05-21 12:54:35,53.64,5216,DebitCard,Travel,BankApp
603,2024-06-17 17:25:14,916.61,5525,DebitCard,Shopping,GPay
604,2024-02-14 10:14:42,750.5,1189,UPI,Food,BankApp
605,2024-05-04 05:40:11,645.3,2208,CrebitCard,Shopping,BankApp
606,2024-02-17 13:26:55,734.9,7665,UPI,Healthcare,PhonePe
607,2024-06-06 23:18:40,511.48,1886,CrebitCard,Shopping,BHIMApp
608,2024-04-03 13:12:53,275.86,8115,DebitCard,Food,BankApp
609,2024-03-31 10:33:36,980.81,5734,DebitCard,Travel,PayPal
610,2024-05-07 19:52:06,781.47,5040,UPI,Shopping,PhonePe
611,2024-05-03 22:26:13,330.49,1509,NetBanking,Utilities,Paytm
612,2024-01-17 07:54:19,894.55,9447,DebitCard,Healthcare,BHIMApp
613,2024-04-21 19:51:12,369.71,1524,CrebitCard,Healthcare,BankApp
614,2024-04-12 22:41:45,779.46,5680,NetBanking,Travel,PhonePe
615,2024-01-24 01:30:04,664.88,8885,CrebitCard,Healthcare,Paytm
616,2024-02-03 22:04:03,23.24,2014,DebitCard,Healthcare,PhonePe
617,2024-02-27 19:31:39,234.34,3795,NetBanking,Healthcare,BankApp
618,2024-03-12 09:27:17,186.42,3807,DebitCard,Travel,PhonePe
619,2024-05-06 10:48:08,242.57,9644,NetBanking,Healthcare,Paytm
620,2024-04-05 23:08:47,944.3,4769,UPI,Entertainment,PhonePe
621,2024-04-09 19:33:43,236.99,1543,NetBanking,Shopping,BankApp
622,2024-03-24 22:40:39,224.37,9935,CrebitCard,Utilities,GPay
623,2024-01-30 12:57:18,189.91,5611,DebitCard,Shopping,PhonePe
624,2024-04-02 00:49:26,709.78,8737,DebitCard,Healthcare,Paytm
625,2024-05-16 21:03:22,866.5,3281,DebitCard,Utilities,BankApp
626,2024-06-22 12:53:57,46.98,9658,DebitCard,Shopping,BHIMApp
627,2024-05-06 16:40:15,519.42,2822,DebitCard,Food,Paytm
628,2024-05-14 04:59:36,788.02,7548,NetBanking,Utilities,BHIMApp
629,2024-04-24 16:23:41,56.54,7699,UPI,Shopping,GPay
630,2024-06-04 00:24:42,26.57,9063,DebitCard,Food,BankApp
631,2024-01-05 06:47:06,170.01,3819,CrebitCard,Shopping,PhonePe
632,2024-03-08 07:53:25,691.43,2929,DebitCard,Healthcare,BHIMApp
633,2024-06-01 02:56:28,57.43,1543,UPI,Shopping,GPay
634,2024-06-25 08:29:13,558.36,5458,NetBanking,Utilities,PayPal
635,2024-04-05 23:21:32,802.95,2883,NetBanking,Healthcare,PayPal
636,2024-01-14 22:12:54,916.36,4284,UPI,Shopping,Paytm
637,2024-03-02 06:28:09,436.86,4571,DebitCard,Healthcare,Paytm
638,2024-04-08 12:09:06,554.12,5690,UPI,Shopping,BHIMApp
639,2024-01-17 16:57:50,882.44,5503,NetBanking,Entertainment,BHIMApp
640,2024-04-05 20:52:40,989.29,1347,NetBanking,Shopping,Paytm
641,2024-06-15 05:16:48,140.41,6054,DebitCard,Shopping,BankApp
642,2024-02-26 01:54:17,194.0,3068,CrebitCard,Travel,BankApp
643,2024-03-18 05:14:14,31.85,6164,DebitCard,Shopping,Paytm
644,2024-02-25 02:27:39,793.55,6415,UPI,Entertainment,PayPal
645,2024-05-02 20:36:22,380.12,8436,CrebitCard,Travel,BHIMApp
646,2024-01-08 06:45:38,221.57,2707,UPI,Utilities,PayPal
647,2024-05-28 12:23:31,137.83,5420,NetBanking,Healthcare,PhonePe
648,2024-05-05 04:09:19,513.25,9152,UPI,Healthcare,PhonePe
649,2024-06-11 01:40:02,755.24,7654,CrebitCard,Entertainment,Paytm
650,2024-05-09 23:36:11,623.83,3776,CrebitCard,Entertainment,PayPal
651,2024-06-03 19:12:39,362.34,8977,DebitCard,Shopping,GPay
652,2024-06-07 15:15:08,528.38,7423,NetBanking,Food,PayPal
653,2024-06-15 22:45:03,33.71,5822,UPI,Food,PayPal
654,2024-04-05 01:08:51,173.91,6214,DebitCard,Travel,Paytm
655,2024-05-30 04:32:26,454.12,5104,CrebitCard,Shopping,BankApp
656,2024-02-03 20:36:31,724.39,9761,UPI,Travel,BankApp
657,2024-05-24 07:28:51,551.69,8753,CrebitCard,Travel,Paytm
658,2024-03-29 00:45:55,993.79,9984,UPI,Travel,Paytm
659,2024-03-29 00:59:02,971.07,9731,CrebitCard,Food,BHIMApp
660,2024-01-01 00:37:36,859.57,6902,DebitCard,Healthcare,GPay
661,2024-01-19 06:03:51,210.25,8680,CrebitCard,Healthcare,PayPal
662,2024-04-26 03:57:18,178.49,1082,NetBanking,Healthcare,PhonePe
663,2024-06-16 14:08:01,803.22,6948,UPI,Shopping,PhonePe
664,2024-02-07 10:48:30,239.05,8052,NetBanking,Utilities,GPay
665,2024-03-18 09:26:18,51.89,5406,UPI,Shopping,PhonePe
666,2024-06-07 12:06:10,16.52,2596,CrebitCard,Healthcare,PhonePe
667,2024-06-14 17:45:45,627.09,1782,DebitCard,Utilities,BHIMApp
668,2024-06-11 23:17:44,433.77,7116,NetBanking,Shopping,BHIMApp
669,2024-05-05 12:25:55,335.61,9156,NetBanking,Utilities,BankApp
670,2024-01-03 13:07:23,430.16,8538,DebitCard,Healthcare,Paytm
671,2024-01-01 02:00:20,364.74,1447,NetBanking,Entertainment,PhonePe
672,2024-06-08 21:08:14,470.82,1336,CrebitCard,Travel,Paytm
673,2024-05-03 03:42:13,547.89,1881,CrebitCard,Food,GPay
674,2024-05-18 22:39:19,545.45,6503,UPI,Utilities,Paytm
675,2024-01-08 12:36:12,958.75,6027,CrebitCard,Food,Paytm
676,2024-02-01 13:32:45,503.46,3050,DebitCard,Entertainment,PhonePe
677,2024-04-12 07:07:29,860.67,6777,NetBanking,Shopping,PayPal
678,2024-04-17 11:52:32,984.47,3668,CrebitCard,Entertainment,BankApp
679,2024-05-30 21:36:05,192.47,7388,DebitCard,Food,PayPal
680,2024-06-07 21:52:55,439.66,5699,CrebitCard,Utilities,PhonePe
681,2024-06-29 07:40:04,643.84,6495,DebitCard,Entertainment,BHIMApp
682,2024-03-09 12:04:27,632.36,9724,UPI,Utilities,PayPal
683,2024-05-13 09:05:13,304.91,3407,DebitCard,Food,PhonePe
684,2024-06-02 21:11:51,189.65,9035,UPI,Travel,PayPal
685,2024-05-29 11:49:08,515.16,6890,DebitCard,Food,GPay
686,2024-06-12 07:37:29,587.91,5323,CrebitCard,Shopping,BHIMApp
687,2024-02-29 05:39:33,325.8,3322,UPI,Entertainment,BHIMApp
688,2024-05-15 17:37:31,712.28,7144,CrebitCard,Travel,GPay
689,2024-03-27 18:41:11,19.97,8672,UPI,Shopping,GPay
690,2024-06-01 13:33:20,380.23,8656,NetBanking,Shopping,PhonePe
691,2024-04-04 05:06:27,361.71,4994,CrebitCard,Shopping,Paytm
692,2024-04-27 11:27:55,607.02,3307,DebitCard,Entertainment,GPay
693,2024-01-04 09:37:06,370.11,1179,NetBanking,Travel,PhonePe
694,2024-03-30 17:11:48,40.55,1883,UPI,Travel,Paytm
695,2024-02-26 06:15:58,991.01,5632,NetBanking,Shopping,BHIMApp
696,2024-01-27 06:47:30,408.85,2276,CrebitCard,Utilities,GPay
697,2024-04-14 04:39:33,632.14,2926,UPI,Travel,PhonePe
698,2024-05-14 17:49:03,558.71,9406,DebitCard,Shopping,BHIMApp
699,2024-03-30 12:38:25,51.52,2579,DebitCard,Food,Paytm
700,2024-01-07 12:15:06,601.26,9472,NetBanking,Food,GPay
701,2024-04-07 03:12:45,821.14,2327,NetBanking,Utilities,PhonePe
702,2024-01-30 06:31:01,729.43,1427,CrebitCard,Utilities,PhonePe
703,2024-04-27 05:27:29,786.77,7258,NetBanking,Shopping,BankApp
704,2024-01-02 00:09:34,674.9,9641,DebitCard,Healthcare,GPay
705,2024-05-25 08:51:08,171.07,5420,NetBanking,Utilities,BHIMApp
706,2024-04-30 02:22:01,537.93,6928,DebitCard,Food,BankApp
707,2024-06-17 09:35:01,795.94,5516,CrebitCard,Entertainment,BHIMApp
708,2024-02-07 00:54:38,316.07,7108,DebitCard,Food,GPay
709,2024-04-18 03:12:32,119.23,3407,NetBanking,Shopping,Paytm
710,2024-02-07 11:29:14,856.48,5322,UPI,Shopping,BankApp
711,2024-01-09 08:24:08,502.26,4153,CrebitCard,Food,BankApp
712,2024-04-23 17:50:20,847.74,9095,CrebitCard,Travel,BankApp
713,2024-04-07 18:03:48,686.18,2841,NetBanking,Travel,Paytm
714,2024-06-16 18:52:15,76.24,6878,DebitCard,Shopping,Paytm
715,2024-03-24 06:31:13,859.73,7892,DebitCard,Travel,PayPal
716,2024-04-16 17:58:40,816.36,5020,CrebitCard,Shopping,PhonePe
717,2024-04-01 20:13:32,715.18,2966,CrebitCard,Travel,BHIMApp
718,2024-03-07 11:55:05,343.24,4907,UPI,Healthcare,PhonePe
719,2024-06-27 15:18:41,333.01,7364,UPI,Food,GPay
720,2024-05-04 01:34:36,437.91,5305,DebitCard,Entertainment,Paytm
721,2024-03-03 09:42:38,172.39,5364,NetBanking,Travel,PayPal
722,2024-02-04 08:07:52,886.21,3095,NetBanking,Shopping,Paytm
723,2024-02-18 16:40:00,74.51,1681,DebitCard,Utilities,GPay
724,2024-03-06 21:24:56,775.18,3529,DebitCard,Entertainment,Paytm
725,2024-03-31 01:01:46,23.67,6455,DebitCard,Shopping,Paytm
726,2024-05-30 11:30:56,124.82,3488,DebitCard,Food,BHIMApp
727,2024-03-10 10:57:18,609.02,1860,DebitCard,Shopping,PayPal
728,2024-03-21 14:42:23,748.22,5155,DebitCard,Food,PhonePe
729,2024-05-08 00:08:04,792.05,6310,NetBanking,Utilities,BankApp
730,2024-03-01 06:19:24,886.22,6274,CrebitCard,Food,GPay
731,2024-01-28 00:56:56,578.91,2413,NetBanking,Healthcare,PayPal
732,2024-02-15 10:03:00,750.41,7522,CrebitCard,Shopping,PhonePe
733,2024-04-24 03:18:52,842.41,5798,CrebitCard,Shopping,BankApp
734,2024-05-09 23:45:26,756.0,1148,CrebitCard,Healthcare,BHIMApp
735,2024-02-11 21:13:51,799.95,9067,UPI,Food,GPay
736,2024-03-06 09:50:26,748.85,5949,UPI,Travel,PayPal
737,2024-03-11 21:04:58,743.5,7101,CrebitCard,Utilities,PayPal
738,2024-04-08 20:50:30,31.82,6570,CrebitCard,Food,BankApp
739,2024-01-30 13:31:08,35.05,3852,DebitCard,Entertainment,BHIMApp
740,2024-01-02 11:29:46,507.15,8740,CrebitCard,Food,BHIMApp
741,2024-05-27 03:59:09,140.83,7396,NetBanking,Travel,BHIMApp
742,2024-04-13 17:28:25,36.41,4270,CrebitCard,Utilities,BankApp
743,2024-04-02 04:32:48,248.77,6978,CrebitCard,Shopping,BankApp
744,2024-05-30 12:42:53,500.18,2730,NetBanking,Utilities,BankApp
745,2024-01-16 21:28:09,849.35,1928,NetBanking,Food,Paytm
746,2024-05-17 00:58:01,614.58,4941,NetBanking,Entertainment,BHIMApp
747,2024-06-01 00:40:50,113.76,1024,UPI,Utilities,PayPal
748,2024-03-09 00:08:49,516.18,7298,CrebitCard,Food,PayPal
749,2024-02-19 08:25:41,550.56,7433,DebitCard,Utilities,PayPal
750,2024-04-24 09:01:08,677.31,9280,NetBanking,Shopping,PayPal
751,2024-04-03 12:18:23,870.72,5480,DebitCard,Utilities,BHIMApp
752,2024-01-20 03:15:39,669.06,7106,NetBanking,Shopping,GPay
753,2024-01-19 18:32:45,998.51,9420,DebitCard,Healthcare,PayPal
754,2024-04-28 07:25:54,731.38,5632,UPI,Utilities,GPay
755,2024-03-22 12:49:10,21.91,2725,DebitCard,Utilities,Paytm
756,2024-03-21 04:00:31,817.76,4926,UPI,Food,BHIMApp
757,2024-02-26 06:16:52,608.96,8245,DebitCard,Travel,BankApp
758,2024-04-01 15:24:26,393.56,1063,CrebitCard,Shopping,GPay
759,2024-03-07 02:27:15,114.67,5234,CrebitCard,Shopping,PhonePe
760,2024-05-01 23:06:55,417.74,1383,DebitCard,Healthcare,PayPal
761,2024-01-17 16:36:36,257.91,5406,CrebitCard,Travel,PayPal
762,2024-06-05 19:29:31,708.64,2646,CrebitCard,Healthcare,PayPal
763,2024-01-02 22:30:06,718.45,4293,NetBanking,Shopping,BankApp
764,2024-03-21 08:30:16,12.99,7434,CrebitCard,Entertainment,Paytm
765,2024-04-08 21:09:46,701.34,5246,UPI,Food,PayPal
766,2024-04-25 11:37:22,119.72,6263,UPI,Travel,BankApp
767,2024-06-18 11:20:30,741.1,8111,CrebitCard,Healthcare,Paytm
768,2024-06-29 08:47:12,699.56,9988,DebitCard,Healthcare,BankApp
769,2024-04-13 23:56:16,334.73,1023,CrebitCard,Utilities,PhonePe
770,2024-02-08 06:44:58,699.49,3758,UPI,Shopping,BankApp
771,2024-06-09 12:30:16,580.34,5286,DebitCard,Shopping,PayPal
772,2024-01-23 07:20:37,915.57,2066,CrebitCard,Utilities,PhonePe
773,2024-02-10 08:31:16,568.4,3331,NetBanking,Utilities,BankApp
774,2024-06-22 04:51:31,550.12,8110,UPI,Travel,Paytm
775,2024-05-13 14:53:54,4.45,2404,DebitCard,Healthcare,PayPal
776,2024-05-02 20:17:53,682.09,7994,NetBanking,Utilities,GPay
777,2024-03-18 02:58:50,377.51,4839,DebitCard,Shopping,PhonePe
778,2024-04-01 18:52:27,0.08,3640,DebitCard,Entertainment,Paytm
779,2024-02-03 20:04:40,329.54,6107,CrebitCard,Shopping,BankApp
780,2024-03-09 04:55:05,384.86,2976,CrebitCard,Entertainment,PhonePe
781,2024-05-11 22:01:17,848.69,8482,DebitCard,Travel,BankApp
782,2024-04-10 11:42:25,21.5,5122,NetBanking,Utilities,BHIMApp
783,2024-05-08 03:09:34,22.44,9800,DebitCard,Travel,PhonePe
784,2024-04-21 09:16:41,2.05,7401,NetBanking,Utilities,BHIMApp
785,2024-03-24 14:12:36,10.52,8608,CrebitCard,Travel,Paytm
786,2024-02-25 12:39:22,516.67,5029,CrebitCard,Food,BankApp
787,2024-01-02 11:26:14,447.07,8979,NetBanking,Food,PhonePe
788,2024-03-14 06:39:31,284.01,1289,CrebitCard,Food,PhonePe
789,2024-05-21 02:28:10,950.48,7625,UPI,Travel,Paytm
790,2024-02-13 01:54:57,557.37,5915,UPI,Travel,BHIMApp
791,2024-03-09 18:21:46,767.99,4231,UPI,Healthcare,GPay
792,2024-05-20 14:35:42,703.18,2561,CrebitCard,Travel,PhonePe
793,2024-04-20 01:09:54,23.15,1422,DebitCard,Utilities,Paytm
794,2024-01-05 02:43:04,634.95,8846,CrebitCard,Utilities,BankApp
795,2024-05-09 18:00:29,182.37,3471,NetBanking,Healthcare,BankApp
796,2024-05-22 23:20:52,159.42,5614,NetBanking,Entertainment,Paytm
797,2024-04-13 07:24:52,47.98,5757,UPI,Utilities,PhonePe
798,2024-06-07 09:43:49,746.64,9571,NetBanking,Healthcare,PhonePe
799,2024-05-18 18:13:28,112.74,5518,UPI,Shopping,PhonePe
800,2024-06-22 13:26:07,531.2,2592,DebitCard,Entertainment,PhonePe
801,2024-02-24 21:41:54,223.1,2971,NetBanking,Shopping,PhonePe
802,2024-03-22 07:19:09,247.26,7282,DebitCard,Shopping,PayPal
803,2024-05-11 03:10:24,544.19,1776,NetBanking,Utilities,Paytm
804,2024-02-03 13:09:50,380.56,7794,NetBanking,Utilities,Paytm
805,2024-03-15 08:42:14,303.41,2906,DebitCard,Healthcare,BankApp
806,2024-01-22 16:24:55,881.59,6597,CrebitCard,Utilities,PayPal
807,2024-04-25 22:47:15,244.49,4377,DebitCard,Travel,BankApp
808,2024-05-28 20:55:42,78.76,8416,DebitCard,Shopping,BHIMApp
809,2024-03-11 15:46:13,409.72,6910,CrebitCard,Healthcare,PayPal
810,2024-04-18 22:22:43,209.44,2741,NetBanking,Entertainment,GPay
811,2024-06-11 01:18:00,940.92,3135,DebitCard,Travel,PhonePe
812,2024-06-18 07:14:17,226.3,3186,DebitCard,Travel,PayPal
813,2024-01-02 11:31:37,871.42,6478,UPI,Healthcare,BankApp
814,2024-05-16 12:39:33,774.76,3660,UPI,Healthcare,BHIMApp
815,2024-06-09 10:29:46,437.89,5212,UPI,Shopping,BHIMApp
816,2024-04-16 11:56:45,843.18,7725,DebitCard,Healthcare,Paytm
817,2024-04-04 13:25:25,602.41,6769,NetBanking,Utilities,BankApp
818,2024-01-24 01:11:45,189.56,9456,CrebitCard,Travel,Paytm
819,2024-01-01 23:56:55,477.21,4508,DebitCard,Food,BHIMApp
820,2024-02-05 22:25:20,98.46,6143,CrebitCard,Food,BHIMApp
821,2024-05-11 16:03:46,117.17,6779,NetBanking,Travel,GPay
822,2024-06-16 18:59:20,764.08,9169,NetBanking,Utilities,Paytm
823,2024-04-28 06:16:03,952.06,6741,NetBanking,Food,PhonePe
824,2024-01-18 19:59:39,940.43,1916,NetBanking,Food,Paytm
825,2024-06-27 12:05:51,479.13,3644,DebitCard,Entertainment,PhonePe
826,2024-06-08 13:40:03,61.87,3766,DebitCard,Utilities,BHIMApp
827,2024-01-02 03:08:28,842.27,3251,NetBanking,Entertainment,BHIMApp
828,2024-02-28 09:22:24,25.12,7587,DebitCard,Food,Paytm
829,2024-05-29 00:39:37,376.54,1692,DebitCard,Shopping,PhonePe
830,2024-03-06 22:56:06,736.05,2213,NetBanking,Food,Paytm
831,2024-03-23 22:52:48,408.43,2251,UPI,Shopping,PhonePe
832,2024-02-04 00:30:42,371.63,7087,CrebitCard,Healthcare,GPay
833,2024-03-26 04:16:25,48.62,2934,UPI,Utilities,GPay
834,2024-02-07 16:27:34,14.45,4454,CrebitCard,Utilities,PhonePe
835,2024-06-12 21:44:26,275.06,3153,CrebitCard,Travel,GPay
836,2024-02-16 16:39:39,536.74,2801,UPI,Utilities,GPay
837,2024-01-02 07:25:48,307.53,4415,UPI,Entertainment,Paytm
838,2024-03-27 11:51:30,306.57,8196,UPI,Entertainment,PayPal
839,2024-01-15 22:56:07,660.72,6701,DebitCard,Entertainment,PayPal
840,2024-02-05 19:04:34,606.37,4947,DebitCard,Shopping,BHIMApp
841,2024-02-13 22:02:34,391.2,3961,DebitCard,Entertainment,Paytm
842,2024-04-20 12:48:38,684.9,4873,DebitCard,Entertainment,PhonePe
843,2024-05-02 21:30:53,317.82,2679,UPI,Shopping,BankApp
844,2024-04-07 21:19:19,637.49,6718,DebitCard,Food,Paytm
845,2024-03-05 03:22:30,182.64,6329,DebitCard,Entertainment,BHIMApp
846,2024-01-13 13:55:51,527.73,6975,NetBanking,Utilities,GPay
847,2024-04-16 23:02:42,749.64,3982,NetBanking,Utilities,BankApp
848,2024-02-12 00:37:28,645.6,5196,UPI,Entertainment,PayPal
849,2024-06-27 21:50:49,986.68,9815,UPI,Shopping,Paytm
850,2024-05-01 09:43:51,423.55,6962,NetBanking,Healthcare,BankApp
851,2024-04-18 00:48:51,807.63,4932,NetBanking,Shopping,BankApp
852,2024-05-28 02:25:31,551.93,9432,DebitCard,Utilities,BHIMApp
853,2024-02-13 07:22:18,997.18,1620,CrebitCard,Food,Paytm
854,2024-04-20 13:18:38,204.33,3330,CrebitCard,Food,Paytm
855,2024-02-18 11:06:28,750.72,5591,NetBanking,Healthcare,BankApp
856,2024-01-11 03:43:50,160.13,6044,NetBanking,Shopping,Paytm
857,2024-01-05 00:13:09,925.64,7089,DebitCard,Entertainment,BankApp
858,2024-02-22 17:02:26,55.37,1857,NetBanking,Food,Paytm
859,2024-01-25 03:44:01,455.75,5700,NetBanking,Food,Paytm
860,2024-02-04 08:33:20,39.75,5090,CrebitCard,Travel,BHIMApp
861,2024-06-02 15:40:21,777.33,6250,CrebitCard,Utilities,PhonePe
862,2024-03-18 16:47:25,249.72,2066,CrebitCard,Entertainment,Paytm
863,2024-04-21 09:03:25,782.17,6704,UPI,Shopping,GPay
864,2024-04-18 03:28:39,628.44,5500,NetBanking,Food,PayPal
865,2024-04-18 19:16:52,91.6,4157,NetBanking,Utilities,PayPal
866,2024-05-30 01:29:35,292.87,4199,UPI,Healthcare,Paytm
867,2024-04-09 05:56:40,874.72,9121,NetBanking,Food,Paytm
868,2024-03-10 10:48:36,353.13,3613,CrebitCard,Travel,GPay
869,2024-06-13 18:14:27,846.04,9108,NetBanking,Food,BankApp
870,2024-06-05 10:21:11,686.67,1653,NetBanking,Travel,PhonePe
871,2024-05-14 10:48:08,708.71,7000,UPI,Travel,PayPal
872,2024-01-24 23:07:46,155.22,8238,DebitCard,Food,Paytm
873,2024-06-03 21:28:30,545.79,6627,NetBanking,Healthcare,BHIMApp
874,2024-06-19 12:57:23,305.27,1018,NetBanking,Travel,GPay
875,2024-01-21 22:41:49,553.34,6145,NetBanking,Travel,GPay
876,2024-04-22 15:24:35,110.36,8365,UPI,Food,BankApp
877,2024-05-14 16:34:48,653.97,5948,NetBanking,Entertainment,PhonePe
878,2024-06-17 08:21:52,612.87,5054,DebitCard,Healthcare,BankApp
879,2024-06-03 07:09:40,818.98,1609,NetBanking,Food,BHIMApp
880,2024-03-30 09:22:29,206.52,2723,UPI,Shopping,PayPal
881,2024-06-29 03:09:08,252.47,8962,NetBanking,Travel,BHIMApp
882,2024-06-25 16:19:34,384.14,7844,DebitCard,Utilities,PhonePe
883,2024-02-03 12:14:41,530.11,2574,CrebitCard,Travel,BHIMApp
884,2024-03-18 16:06:56,632.31,8491,UPI,Utilities,Paytm
885,2024-02-11 06:32:05,332.12,4330,CrebitCard,Travel,BHIMApp
886,2024-01-07 09:14:47,669.15,6629,NetBanking,Healthcare,PhonePe
887,2024-03-16 03:01:40,914.55,2367,NetBanking,Shopping,GPay
888,2024-05-18 20:36:43,219.16,6090,NetBanking,Utilities,PayPal
889,2024-06-08 20:09:47,64.53,4319,UPI,Food,PhonePe
890,2024-04-30 15:50:27,633.16,7214,CrebitCard,Food,BankApp
891,2024-06-07 21:22:20,473.19,2353,DebitCard,Entertainment,Paytm
892,2024-05-30 08:48:32,922.05,3262,UPI,Entertainment,Paytm
893,2024-03-09 17:03:50,927.93,7219,UPI,Healthcare,Paytm
894,2024-01-04 01:47:34,197.04,5039,CrebitCard,Utilities,PayPal
895,2024-03-12 19:59:19,59.61,3850,NetBanking,Food,BHIMApp
896,2024-03-26 02:47:22,478.67,2782,UPI,Shopping,Paytm
897,2024-04-06 13:32:23,395.85,2687,DebitCard,Healthcare,PhonePe
898,2024-02-07 12:20:27,188.37,1118,UPI,Utilities,PhonePe
899,2024-02-07 09:38:48,601.79,4017,CrebitCard,Travel,BHIMApp
900,2024-05-08 16:47:44,83.93,7822,DebitCard,Entertainment,PayPal
901,2024-05-18 11:19:02,434.04,5630,CrebitCard,Healthcare,BankApp
902,2024-03-22 10:58:54,800.58,9836,DebitCard,Shopping,GPay
903,2024-06-01 14:56:23,631.3,4322,CrebitCard,Entertainment,PayPal
904,2024-02-18 15:51:32,980.12,5386,NetBanking,Entertainment,PhonePe
905,2024-02-17 11:58:49,684.33,9663,NetBanking,Healthcare,GPay
906,2024-01-17 05:46:06,532.48,8267,NetBanking,Food,GPay
907,2024-04-05 22:15:43,254.18,3061,DebitCard,Food,BHIMApp
908,2024-06-24 19:13:08,482.78,2838,NetBanking,Entertainment,PhonePe
909,2024-02-15 20:51:57,129.48,8831,UPI,Travel,PhonePe
910,2024-06-10 00:26:01,410.71,3125,DebitCard,Utilities,PhonePe
911,2024-03-03 22:21:19,966.82,7466,NetBanking,Utilities,BankApp
912,2024-02-12 07:29:38,676.17,6967,NetBanking,Entertainment,GPay
913,2024-04-02 17:13:46,797.41,1526,DebitCard,Travel,BankApp
914,2024-05-19 03:12:54,840.52,1362,UPI,Travel,Paytm
915,2024-02-02 04:59:09,164.36,4355,UPI,Utilities,PayPal
916,2024-03-23 13:59:26,166.08,7846,CrebitCard,Utilities,BankApp
917,2024-02-02 06:10:01,931.0,8287,UPI,Entertainment,PhonePe
918,2024-06-21 18:15:18,680.45,6447,CrebitCard,Healthcare,Paytm
919,2024-01-11 02:25:38,851.81,3899,DebitCard,Shopping,Paytm
920,2024-05-13 05:36:36,195.71,9215,UPI,Entertainment,BHIMApp
921,2024-01-23 20:10:58,70.41,8070,DebitCard,Shopping,BankApp
922,2024-06-24 10:30:45,446.67,1199,UPI,Utilities,BankApp
923,2024-05-09 19:45:39,458.89,3090,DebitCard,Shopping,BHIMApp
924,2024-06-24 07:06:44,253.4,7065,DebitCard,Utilities,Paytm
925,2024-06-10 05:21:27,870.23,6563,NetBanking,Utilities,BankApp
926,2024-06-07 08:19:12,930.82,7825,UPI,Utilities,BHIMApp
927,2024-06-27 03:38:36,400.52,8837,UPI,Food,GPay
928,2024-02-10 07:57:58,350.32,9486,DebitCard,Utilities,Paytm
929,2024-06-13 04:38:37,50.78,3062,UPI,Food,PhonePe
930,2024-06-05 12:55:56,594.35,3829,DebitCard,Travel,Paytm
931,2024-04-13 14:48:57,521.57,4721,CrebitCard,Shopping,PayPal
932,2024-03-14 15:01:03,22.91,1812,CrebitCard,Shopping,PayPal
933,2024-02-27 22:43:13,135.09,1113,UPI,Shopping,GPay
934,2024-02-12 00:19:36,315.58,1892,DebitCard,Shopping,GPay
935,2024-04-06 14:49:28,373.0,6226,NetBanking,Travel,PhonePe
936,2024-05-30 23:03:29,690.58,9165,UPI,Entertainment,Paytm
937,2024-05-29 23:06:09,295.54,6854,DebitCard,Travel,BHIMApp
938,2024-05-26 00:38:44,814.15,8318,DebitCard,Shopping,BankApp
939,2024-01-06 10:56:34,400.0,2577,CrebitCard,Shopping,GPay
940,2024-03-28 16:43:51,526.29,2688,UPI,Food,Paytm
941,2024-06-24 17:48:39,272.72,5998,DebitCard,Entertainment,BHIMApp
942,2024-05-03 16:19:24,221.98,5001,NetBanking,Food,PayPal
943,2024-03-03 13:34:18,11.67,1826,CrebitCard,Entertainment,PayPal
944,2024-02-26 15:35:37,152.04,3436,CrebitCard,Food,BHIMApp
945,2024-01-11 06:33:19,577.04,5830,NetBanking,Travel,PhonePe
946,2024-03-18 07:25:15,523.62,9807,DebitCard,Entertainment,PhonePe
947,2024-03-13 15:18:13,725.72,3568,CrebitCard,Food,BHIMApp
948,2024-01-20 12:46:49,441.43,6369,CrebitCard,Travel,PhonePe
949,2024-05-25 05:42:31,827.14,3884,UPI,Utilities,PhonePe
950,2024-01-24 10:51:14,930.67,6538,DebitCard,Travel,BHIMApp
951,2024-04-27 10:16:35,776.26,3425,DebitCard,Utilities,Paytm
952,2024-04-07 05:11:31,110.85,1327,DebitCard,Shopping,GPay
953,2024-05-28 17:40:25,83.09,9079,DebitCard,Shopping,GPay
954,2024-02-20 11:39:24,936.98,1547,NetBanking,Entertainment,PayPal
955,2024-05-20 22:43:42,47.95,6646,UPI,Healthcare,PhonePe
956,2024-03-28 19:13:41,555.33,4812,NetBanking,Utilities,BHIMApp
957,2024-03-17 21:46:24,856.43,5234,DebitCard,Entertainment,PhonePe
958,2024-02-04 14:41:43,617.25,1470,NetBanking,Utilities,PayPal
959,2024-05-25 02:35:21,82.43,2033,UPI,Travel,GPay
960,2024-01-25 23:58:10,313.13,7293,CrebitCard,Food,BHIMApp
961,2024-05-11 12:57:38,207.46,1241,UPI,Entertainment,GPay
962,2024-05-28 18:20:34,263.88,8849,NetBanking,Food,GPay
963,2024-01-22 09:30:52,492.49,2591,NetBanking,Food,PayPal
964,2024-06-24 18:36:28,58.0,9009,UPI,Utilities,PhonePe
965,2024-05-04 19:54:26,66.5,2431,UPI,Utilities,PhonePe
966,2024-04-21 14:13:25,172.76,5115,CrebitCard,Shopping,BHIMApp
967,2024-04-02 20:27:48,932.49,8907,DebitCard,Entertainment,Paytm
968,2024-01-12 13:21:32,338.88,7510,DebitCard,Travel,BHIMApp
969,2024-01-28 10:55:31,125.9,6363,CrebitCard,Shopping,GPay
970,2024-04-13 20:35:55,462.92,4628,CrebitCard,Healthcare,GPay
971,2024-06-18 11:19:35,200.4,5652,CrebitCard,Travel,BHIMApp
972,2024-03-03 19:13:21,146.79,7103,DebitCard,Utilities,BankApp
973,2024-05-28 17:34:22,838.62,8153,CrebitCard,Shopping,PhonePe
974,2024-04-04 19:56:11,180.62,2940,UPI,Utilities,BHIMApp
975,2024-03-19 19:56:54,350.6,8613,NetBanking,Food,PhonePe
976,2024-05-07 06:03:21,743.33,9764,NetBanking,Food,PhonePe
977,2024-02-04 06:54:01,230.96,3314,NetBanking,Healthcare,BankApp
978,2024-03-03 18:45:19,865.16,3657,DebitCard,Travel,Paytm
979,2024-06-25 06:59:59,618.63,8933,UPI,Healthcare,BHIMApp
980,2024-03-30 05:31:45,160.01,1926,DebitCard,Food,GPay
981,2024-06-29 09:23:09,397.7,7219,CrebitCard,Shopping,Paytm
982,2024-01-10 10:08:25,813.45,6075,UPI,Food,PayPal
983,2024-05-28 15:52:20,539.14,3330,UPI,Healthcare,Paytm
984,2024-04-17 06:28:20,721.54,4020,NetBanking,Shopping,Paytm
985,2024-01-12 03:58:59,970.87,4074,DebitCard,Food,PayPal
986,2024-01-20 00:19:49,427.83,7337,UPI,Food,PayPal
987,2024-05-02 09:52:34,316.47,8425,NetBanking,Food,PayPal
988,2024-05-24 10:26:52,255.76,5948,UPI,Entertainment,Paytm
989,2024-06-28 21:15:58,226.64,1184,UPI,Healthcare,BHIMApp
990,2024-03-14 18:08:12,546.95,4356,CrebitCard,Travel,GPay
991,2024-02-19 12:00:05,622.89,5795,UPI,Food,Paytm
992,2024-06-09 14:20:46,455.47,8955,NetBanking,Shopping,Paytm
993,2024-06-19 11:09:56,55.19,2250,UPI,Utilities,PhonePe
994,2024-03-13 03:19:19,892.88,3408,DebitCard,Utilities,GPay
995,2024-05-22 11:43:58,198.43,7975,NetBanking,Travel,BankApp
996,2024-06-13 15:09:01,350.03,1614,DebitCard,Shopping,PhonePe
997,2024-04-28 23:05:51,987.7,2506,DebitCard,Entertainment,Paytm
998,2024-05-04 15:11:21,548.81,6247,NetBanking,Travel,GPay
999,2024-04-16 05:25:47,151.14,8268,CrebitCard,Entertainment,GPay
1000,2024-05-25 08:42:48,984.68,3965,CrebitCard,Shopping,BankApp
